-1.4148750231077794;5.953534185633525;0
-1.9032373094135726;7.300171820018424;0
-1.2407207673917664;4.572625522777491;0
7.26451380064753;5.9658034829740965;1
2.264650759400636;4.744023935561428;0
7.133693733194747;6.641502899890678;1
1.989138037618615;6.158045504259964;0
1.6745461412053162;4.123646319982408;0
7.1345628585950305;7.388258937486681;1
0.43539416857218827;8.557421189539566;0
6.357889635420372;6.371318972975037;1
7.1667142522730884;3.6917335291093716;1
6.593265888682524;5.367161748047895;1
0.41178953774187255;3.699456255707908;0
-0.15221291764237233;4.726640161298483;0
-1.4305067436859895;5.380033161521792;0
6.595431195046991;6.386670263139056;1
-1.3214443971253886;5.439516699068964;0
6.702433258204989;3.445255268116931;1
6.682651660787749;7.212349848733705;1
7.535509219981055;2.7475104073640084;1
6.549555180265221;7.657222001786411;1
-0.8552079997478013;5.7731615047669145;0
1.0904526327550408;4.951146372902295;0
-2.7756853380652413;3.4480061024797273;0
0.17151269089340726;5.65417208305229;0
9.422018027772355;4.864297788086534;1
9.934260140803595;3.717065894773943;1
3.458015577989099;6.949008985834071;1
6.264075341187841;3.382922273225005;1
-1.9194168503463427;7.554635213228036;0
6.273774190601661;3.9077001172466055;1
-1.408492143097634;7.742176920338849;0
8.131044925670448;6.758118673504526;1
8.303956263974031;3.044180433782576;1
8.114587270492436;4.70000181778376;1
-0.2539703409858153;3.577309425681766;0
-0.7713178970953041;7.1246821245732095;0
6.698063082130716;4.219671749562116;1
10.705177723516595;8.076347302175137;1
1.4230290861216153;5.732630956903542;0
7.631510095276675;6.66515525338361;1
1.0759198760431135;5.074983075881989;0
0.7881477388911526;4.469171049853418;0
-0.3726779780467211;5.6767778563141125;0
6.264346049707289;4.691868345058686;1
1.8125776067706671;5.158899392291405;0
0.36075386082064065;6.015898430727952;0
7.233879402468607;5.731610276145965;1
-1.5288452431211894;4.1883780205227215;0
1.2910492306051724;4.5815075361911966;0
0.08545486880517439;1.5981544799118317;0
6.549195564264342;5.239762197681101;1
-1.8834183414884926;4.2718604426673945;0
0.04489130097588245;3.9286871181132;0
7.951318832308137;5.670567179210418;1
-0.32213283314029073;5.630451061960129;0
7.875312802163399;4.631706496462967;1
-1.0316389447724537;8.400817296245094;0
-1.6042075231093564;9.869287883335527;0
-2.9170646981814032;1.8681635253132027;0
8.335728225194803;5.967943197199361;1
-0.9858244260810235;6.460243401490773;0
6.6374838501907245;2.761210445728048;1
8.27920152247773;3.805810175843675;1
9.656366939476158;4.0209510401460316;1
-1.1378600857256065;3.8231411613550206;0
-0.8347561977141733;3.6325204166678424;0
-4.12875855608702;4.165810115188319;0
6.612974593657896;6.1879167455368345;1
-0.34535451344061774;4.610323236213709;0
0.9821843370498589;4.1140822366643235;0
0.524287143496569;5.229128392694245;0
6.810837349691164;9.058913207341835;1
-2.3986798249312082;6.240441528096604;0
9.672395439679455;5.35802592138448;1
7.0805435737732285;4.111570715720061;1
6.706624151400191;3.7749679110431495;1
-0.7196476255097256;2.334672837537391;0
8.041733399865091;5.970258693818361;1
6.178503808641324;7.441316632081636;1
8.816647769796827;5.937829593685159;1
0.03601531756482146;7.956225034928145;0
6.773366597518307;2.5774142832835114;1
-1.167939209085023;5.561832716916465;0
1.3554093340274869;8.28211521306907;0
-1.8781334935290481;7.857836102474174;0
7.799469133751947;3.732234877311785;1
7.073632788600169;6.322445322407363;1
-1.0388299822662679;7.595144969982833;0
-1.0531325604319866;6.960510466217437;0
-2.83478417021879;6.209046177341321;0
8.687768534081401;6.073183326380108;1
6.710433570758865;7.341245971604115;1
-1.3745508268382731;4.852261663546953;0
-4.289760837691002;5.593522404019983;0
-1.1194607940970625;7.280134665164067;0
6.9698950176052215;6.234062252449935;1
0.7288299855134084;6.464806795459728;0
7.007703668103514;3.903680145579124;1
-0.3047805450057832;4.665087916161239;0
-4.252833335049342;4.11719902181979;0
2.52169023458522;6.285477722634649;1
7.680254105052842;3.9491414594522736;1
7.72553079303512;5.717106193120531;1
-1.3813636258756317;3.3680350032610806;0
4.96106858410306;7.002748742082877;1
4.917507634945123;7.76895370424804;1
-0.39632881027928124;4.19134067770981;0
8.015247239234556;3.4728492576317893;1
-1.0740214534863013;5.139835799448448;0
-1.249049937762317;8.049698581328343;0
0.41847577135585157;3.024753649323701;0
7.489555112574761;3.548658117158099;1
-2.3366685570146557;7.344679182414409;0
7.582567887866566;7.207771071983608;1
6.543239186747093;4.591140592908912;1
4.267079659339441;9.243593078010612;1
-1.3661706614552886;4.335865489318371;0
6.5458675877347074;4.6094679589574685;1
-0.5025337333368884;4.715901659105177;0
6.391007750275428;5.613912158044527;1
-3.4176995155093457;4.430711648813698;0
-3.1965549770761985;2.931421184554215;0
-3.139474046374412;4.9397004665270146;0
7.177777987761399;2.7849199846925288;1
0.19771554246647027;3.4871406984085227;0
-3.2931207927600896;6.920984634329389;0
5.808787869776362;6.162491170096043;1
8.31933855394178;6.915367121105476;1
5.802661840163861;4.714641928891705;1
-1.0210486821946745;3.390202252861699;0
9.320290547546872;5.601722084705245;1
-2.7351951912130743;8.588428604093192;0
-0.3911738868083352;6.490125884105934;0
0.28721176807008075;5.4086989172187065;0
-1.760901871258993;5.24907460395353;0
7.3916254567315685;5.169599248576305;1
6.373207302143156;7.520404175883277;1
1.0999892153621111;2.934953311632258;0
0.5022996415513019;4.838022126919885;0
6.830757935092391;5.171966766019904;1
-2.0134552382979507;6.724206723726281;0
7.446809302768775;8.238255223595793;1
-3.5732026399109964;6.028807588499479;0
4.79955560721308;3.4738116104729664;1
-1.3832402252245906;5.843592895509062;0
8.87376374693569;5.028866558579932;1
9.151285025543732;6.541444651448052;1
9.206182593307215;4.098305388192351;1
-2.753132247787226;6.3789134499640845;0
5.13561921590916;5.352233181711784;1
6.969946971287573;4.9286782721723075;1
0.042657681119524726;6.088890105754367;0
0.26045001177509963;4.066807625251426;0
0.20388240186351614;4.677389440946522;0
-2.2474211968411923;6.758826313516904;0
-2.143279633002205;6.439690915203144;0
5.508903263654989;6.40903997182839;1
-0.8431632472737873;4.669709812244647;0
-0.947659656345434;5.204693126140501;0
-1.282860688232454;5.689461088588584;0
2.016118741538236;5.23169785521916;0
1.2575620569284682;5.446274173815715;0
5.429255378203088;4.6909784903468035;1
5.131596459382686;5.121215211852894;1
-0.9795059325525316;5.546554775658514;0
8.334472108559966;6.499754754914262;1
-2.009281136037907;5.844109184979576;0
6.011361145987159;4.389237661219242;1
8.99161751746792;4.285697695243997;1
7.9451218718972925;4.291499559004266;1
1.1615379872543201;6.037788175085682;0
8.427750481896688;6.654436241515594;1
6.522193063920221;6.844448648174903;1
7.384669536893741;6.133641433795218;1
7.001811938206335;4.566694586674389;1
-0.7835462535812636;4.5805042002955405;0
7.485224192717121;4.456825650412788;1
-0.29544550492936184;5.808298004420676;0
-2.8571190730878753;6.263812272904995;0
-2.9060969453641246;5.182829388349526;0
7.938546103935039;3.0493519394660256;1
0.5588324408330889;7.319195460487688;0
-2.1498727466765652;5.527107032438647;0
6.61130519335009;3.9594307787295655;1
7.510143363652974;5.834442478986443;1
5.675318839416077;5.630185553302521;1
7.370629353689194;3.3097157354928575;1
6.012654531352079;5.366751119960705;1
6.704231438192508;3.781212876385049;1
-1.718648429127101;3.7303559321383473;0
8.860373600400193;4.844042038582297;1
8.057852933948649;4.043683874892195;1
0.0017496137247035026;5.685511609917178;0
-3.6695249998553363;3.3839132690862677;0
0.08826568113148614;4.328593402219207;0
0.06897718517536822;5.611116309039145;0
-3.6446288145165107;7.824821843211462;0
-3.9384808257536044;4.703783747609001;0
7.02561406079938;3.928084102504697;1
5.410589930372343;4.4436813831965996;1
5.4545900667022265;4.023089151319022;1
8.801845522432316;6.837256525280119;1
1.4508644561892843;6.079807857840697;0
8.060044466715151;4.815030311523823;1
0.047613880788459406;7.095978374221977;0
7.068057754812771;3.6181571177945644;1
8.349002983086237;5.708887183285928;1
8.573380158454539;7.027466050213021;1
-0.26780060979922804;6.245186830197101;0
6.979823153420515;5.187641051454516;1
1.0484402327467905;4.665369449201142;0
8.045716181257715;2.5897339288375565;1
1.902094329556017;5.428926346760547;0
4.361559889001958;3.7655332862610646;1
-2.6338621789784082;6.176384667254457;0
8.031071348982694;4.389888331299182;1
-0.7463633583605886;5.5567446877961215;0
0.4487455944013694;5.967082396446116;0
-1.3074039685342076;6.701745605529203;0
5.477221980725008;3.973849422864196;1
9.411565497648311;5.871027958253904;1
5.904980630477338;3.098211516182007;1
5.873410173087375;1.8808827982398482;1
6.696444317145071;6.028807946703856;1
9.247250485850445;3.3362272671114384;1
-1.4753482636089417;5.536205150192654;0
9.188681730166234;7.450817306791217;1
1.0278698681110119;8.09203030829899;0
-0.3936498962066104;4.069556782582445;0
1.5755944970179283;3.2124909952132037;0
10.165170390967118;4.305323083442672;1
-1.0067324187631446;3.228390764035604;0
-3.2307162709280215;6.9193247173920565;0
0.8381514156947418;4.226896988853312;0
-1.1514342426379542;7.792930633815446;0
-2.397967727207652;5.876811809591951;0
9.32116767991829;4.683359669453552;1
-0.4070361412536727;3.6670568206259473;0
7.923453789065593;4.65281388374434;1
-0.47343482380609064;7.680427853702156;0
8.443715169836256;4.611785344309264;1
-1.4674920234753286;5.0205157462259375;0
-4.001102959165647;4.194849386566239;0
-4.297276581829043;3.5115689414077957;0
8.100644438379252;2.1885055697583615;1
-2.177930855290587;5.972300917090611;0
5.483427453767753;5.297588192810268;1
7.317112564021621;6.007617787782085;1
6.73168911174943;5.951834816230011;1
8.525221839474797;5.565852078544503;1
4.392098841507639;3.136294827579013;1
7.277813422979736;4.690016367572237;1
-3.8233597596423885;4.275988420150324;0
4.727424887949519;4.158729756241698;1
-0.839834332849194;4.652390562458948;0
9.973973688974645;4.843501933090966;1
5.1803266086341075;3.570594998947625;1
8.538996674176458;3.834644139223913;1
6.842967117961311;5.1950934886121285;1
0.7516473389883849;4.788042166871266;0
-1.7721382996618786;3.6777695367363505;0
6.246209252498723;6.114986152864425;1
6.7220553477579585;6.008419604584191;1
-1.3080901355368817;6.898433990681699;0
4.522763167331515;4.71499184070089;1
-1.9549133839173265;5.794665800941264;0
-1.1416330133405943;6.563053497654088;0
-2.2468955519758222;4.972218876728534;0
8.949120775654931;4.345780588997856;1
-0.6902986743585926;7.330840840616997;0
6.806042705306328;4.842225452733744;1
-0.3810525929733378;4.0032283911101505;0
6.757405485407717;5.945916332581686;1
-2.2878174631409682;6.336799530046044;0
7.274651276173508;4.109066933111582;1
10.277103740086709;6.716850420605998;1
8.33350987240964;5.997317927206732;1
-2.374200658853628;6.149842490867213;0
5.783666366617412;7.772445302753104;1
5.6169182002116145;5.074991235954963;1
0.4983646545750333;3.798154563288258;0
-0.17520863765987515;4.940621862443812;0
7.977667835271631;5.98383233420987;1
8.699581265005806;7.001657697221528;1
9.034338774266242;3.7666622716523217;1
7.810568874322459;5.355177393598499;1
1.9383923483772083;4.363715255633515;0
-1.4539156552079728;6.367919902405097;0
-1.439470225902467;5.307147107281765;0
5.542015644082384;4.989981895114884;1
-1.2164276432355052;7.5187959873747685;0
9.227986104994296;5.524382622394766;1
1.6622569214870566;6.484956159057009;0
7.251051064870954;4.52141418421956;1
5.036787518258737;4.970417947459788;1
-3.7027486716438123;5.4345088916332775;0
4.814157486255063;5.350358568132403;1
5.431446867274584;4.5436945601435275;1
-0.6567901765026863;5.630843888649071;0
0.015323133381137444;5.562421813141345;0
9.712555065073513;7.946400422130905;1
-3.1409623956653623;5.27660697296369;0
7.890166706373416;4.927341648309033;1
8.435770771673283;3.8966273203361155;1
7.5636344007079845;4.099375221140022;1
-0.2937905232309148;3.993780582858027;0
-1.4883950466229048;8.432940795642132;0
-3.002397869033625;2.8644079620364873;0
0.3370155907764847;6.229562472498042;0
9.340825660782002;4.846646838415561;1
6.744748836997113;4.9653505774654265;1
8.449505992957157;6.086692089720444;1
-1.5859336782778415;6.416752058900033;0
1.056725581870983;2.6014123274114658;0
-0.6961162748805804;4.431273073260659;0
11.238457839172357;3.597316601052337;1
-0.42873794007890664;2.131074775111873;0
6.7935913851928325;5.458432039639105;1
5.6942363754336505;6.942163627864819;1
8.397496244586058;7.506758617428412;1
-2.1340916329865496;5.423855781157887;0
6.5330153297505795;7.107792145306812;1
7.921123080903548;6.068455240462249;1
-2.6408256709501083;4.904888991807043;0
-2.8573732588948517;5.48265615748076;0
4.844190005521468;5.00362349242338;1
-2.5033908338473596;6.278226590634533;0
7.998826760781071;6.62490561572611;1
-3.8423610994627095;7.62011171530988;0
-0.5030721993889244;4.685425580630958;0
-2.135527304652596;6.030843005803905;0
0.17873935032947297;6.3958770041753565;0
-1.225232141848025;6.620546255462974;0
7.878572799925569;5.767654288342639;1
6.175723174020467;6.42473025352667;1
6.891864633982;5.664534625314768;1
-2.4780403778640117;2.031397149672514;0
3.0917329061297165;4.419698544010494;1
6.152560928245379;4.189539262383149;1
8.167296884580493;2.8811962225754053;1
7.885609453965805;5.577569939233207;1
8.07164428985985;5.637814511884331;1
6.213241589420161;4.809828051728771;1
4.272410957686032;4.707482056724779;1
7.310843401814645;4.855281177893818;1
-1.0752269560662286;6.192040774409051;0
-0.1136637457903863;6.908500960323067;0
-2.549274061606779;6.972407666433233;0
-0.6386981967404133;2.135421961707462;0
5.230461650052473;6.1274197926749885;1
-1.0664593288409259;6.940324149801773;0
-1.7437038963875386;7.104508599743031;0
6.594286866294679;4.790433907485056;1
7.946437330371947;6.82826246809178;1
-1.0231484215923878;6.702271993218352;0
9.113359157373363;5.934926001670566;1
10.248880898210983;6.113810085046963;1
-2.9816719052610354;7.520352006402457;0
-1.1364609652592885;5.780767590010073;0
-0.30242908398905644;6.272052316442185;0
0.7773080049182357;6.043727811912653;0
-3.0967160566500187;5.3067275283896205;0
5.7605452632524425;3.302178824819456;1
5.977402561482318;4.151717642763729;1
8.703918547172796;3.547639415932347;1
-3.479160934276264;7.634083101897438;0
7.320682330766035;4.830003116243849;1
6.90598835639236;4.316916679112753;1
8.048093412335081;3.718112182736859;1
5.3700712373336295;2.904356995211028;1
6.103881789812819;5.8759217234701016;1
-1.0744471632580017;6.149664981545032;0
8.339679298936927;4.5420166612041974;1
0.20621574767916262;6.092437480170171;0
-2.0538950494058703;5.354114561668554;0
9.189519386895311;4.852594501575182;1
-0.9287077107656991;7.855215854213933;0
-2.6962953631643445;3.8143329262399175;0
6.701515875218817;4.644591244358034;1
5.460102993213903;9.57331866472391;1
-0.6968843998624915;6.019422248673969;0
1.0467766550492625;2.692464222666843;0
6.533212103226244;4.184898336157838;1
5.31235327295078;7.564187409216448;1
1.0411004854919197;6.6346524922716;0
-1.81742322704945;5.3829745147462384;0
-3.060705741295155;7.131613319971185;0
8.124005133473611;7.058156961928876;1
0.4959356203236749;5.578564816487207;0
6.445137052435682;8.074298221311386;1
7.893822298446124;2.8010098601649585;1
1.5251188178554926;5.66775126457277;0
7.422034042937161;4.770693798566866;1
-1.0393147618021326;5.601452978079948;0
-1.8841524815719084;5.62107919845274;0
8.143618587889721;5.482196029794877;1
6.917585041402444;2.826796702385226;1
10.93914692427321;8.148567380514859;1
7.49040574463095;6.0384963973667;1
6.302198236348069;5.089686911855069;1
7.0115464636050495;5.814805542200551;1
10.720572271157629;4.794817146008948;1
7.546543116541619;5.995615752951316;1
-4.344154762417716;5.111898241020138;0
5.246344580029864;4.086631759701461;1
-2.604879778624448;4.949381758813007;0
-0.7023461948721211;5.352339845774443;0
1.8063846000894492;6.018808194482187;0
4.639191944783124;3.008075950549075;1
-1.436440458389123;4.263085260940579;0
1.784426466701956;6.691478817887777;0
6.6219866690600435;4.734875160594494;1
9.463286552474452;1.5971294289560825;1
0.7652042866661555;5.982661558367066;0
10.949743063814026;5.823822790049395;1
0.8943759302204013;5.939726192473275;0
0.19147822648227297;4.2121164839786704;0
5.3820883793453085;3.4270831885686732;1
-2.1764550904352875;4.18892811786441;0
7.958397082723275;5.308197907855304;1
9.383859500319074;3.899978131207182;1
9.026113275798561;5.971284524240256;1
4.614991612726952;8.25681821574068;1
-4.147651733022726;6.418754566853657;0
-2.478396283049049;7.466607212306552;0
0.9892249636501349;5.083665960656491;0
5.094644697381439;6.916993301908121;1
6.776523238788497;3.5559117138015663;1
2.7125828944989783;4.697602719621782;0
-0.4193941335762811;5.883677964029324;0
-2.2592804306467595;5.058775603716921;0
-2.3991742888149896;5.96112956799464;0
6.614886959295917;5.829616894792338;1
8.537995774611524;3.389131215144639;1
8.60533230954405;2.1707600477370845;1
-1.1994368421605548;6.359914630617306;0
-1.5295083443258128;5.995306905464426;0
0.8322249194903883;7.23475365587027;0
4.6617319119358855;4.680174833920635;1
7.837862735441149;4.951859668474078;1
-2.8864312119834747;4.714487923930664;0
0.7420642743944188;4.76697619235469;0
-2.4493476049126097;5.38714522358366;0
4.501895822655828;7.111487450719562;1
6.819125716164488;7.671579829088669;1
0.0258001639473191;5.93022093750172;0
7.583192986240203;5.0350787130461025;1
-1.4163916983049092;6.444469105334061;0
-0.09788831616739313;2.2065760944288035;0
9.832595178567207;5.115316904221515;1
10.513917482621341;4.2057534467997835;1
6.915677291222428;5.234394636656712;1
-1.5634647404130873;6.130633839730077;0
-0.7869430708380805;4.764586862545175;0
8.58508802520362;3.442065500865241;1
5.672538488720843;7.800234250650329;1
6.8316115213020385;4.0904414290513476;1
-2.9535969915176223;6.680337120768704;0
9.195161373904282;4.347725144250247;1
7.433671324157141;4.953308997423933;1
4.787254829858195;5.971063653923014;1
-1.4598065071442232;5.57793245107175;0
-0.6607080821479425;2.996409156405509;0
-1.8280058672306776;5.406604123132128;0
0.9715731096166418;4.022776227573973;0
-1.3761363866373948;8.421547143298053;0
-1.8910914413727182;4.902171936974791;0
8.944646098414514;4.671740557065219;1
-1.3748315050682298;5.054684309481557;0
-0.07971198883963226;4.863153413171392;0
7.010512394611629;9.471012656900662;1
-1.678391444244445;7.447306626619383;0
-2.5447536585613744;2.2295544900581046;0
10.675825711183581;3.1142849070880088;1
-2.1079977639825476;4.6318538074913445;0
-1.3932285750107414;3.949674878298203;0
8.623039453860194;3.173784878345882;1
0.40161897047132533;6.715844338457353;0
-2.2438942245235847;7.999365584252201;0
7.944102372815255;3.941454039369573;1
7.683936053020333;6.769813210593136;1
-5.161898431156805;6.406008200756403;0
-2.9211550747585724;6.065863973339316;0
-0.9532151606568063;4.816426907295528;0
4.762658352694092;4.25709726533959;1
-1.6988240133076138;6.135087724152276;0
-1.4332766387651266;7.13610597460031;0
11.627115810847677;5.054663471021456;1
5.386063678669199;6.619374892905857;1
-1.690831387623645;1.6954815407970036;0
8.642419158228618;6.920553239291565;1
-1.793833881470201;3.6539405579559325;0
-0.6571398852847434;3.8237965553711293;0
6.569205111602615;5.52509334191237;1
-0.5326392908560316;3.8156738700700408;0
4.463796548509827;2.115311627424701;1
-2.8336449282866853;3.130922165531448;0
-2.6495624679692362;5.9285608372439915;0
6.533605538713773;4.647818615903719;1
6.62338122830842;4.429903061940841;1
-3.169820616400334;3.5921204750284823;0
-1.3427590424872373;8.070409375976663;0
-0.8689110329594167;3.116057671685872;0
9.583119719847783;4.898941328058227;1
-2.992828076404537;4.165073716761044;0
6.933428436128356;6.245975609007021;1
-3.0267729447251543;5.955439502412445;0
6.862908701520151;4.648523253201141;1
-3.4903716901728785;5.33289786078529;0
11.621397550084241;7.7297951250766;1
8.844324360577208;4.08479993249005;1
-0.8677286141255234;6.1268617220219435;0
-3.4546519765090933;6.043433020226313;0
6.316723557855679;7.4458014241996375;1
6.081447648265832;5.744917043428857;1
-2.40656770896764;5.506639012206227;0
-0.8498051503949797;5.025643436526199;0
7.563862262959876;5.362573307465264;1
0.11300445024369354;6.0970961908593235;0
-0.14210954767810158;5.017213669656787;0
1.5689715828751005;3.375455333060663;0
-2.2127471795378493;6.192005828146432;0
-3.541724407682614;5.0353170697356395;0
9.6409007394807;3.3767251409711054;1
-0.9303161909493466;6.88371130056633;0
-0.022381156945403546;4.468702763894899;0
-1.3099515064703602;4.611666086543983;0
-2.4186799100326755;6.504224966317015;0
3.835251017740272;2.67088602031277;1
7.42166053889329;6.540749213467721;1
7.3110751493025425;5.20043353425593;1
-1.8648823022626164;6.631190360370547;0
-1.132886559659283;4.3871103287214614;0
7.731978045203676;2.392183344984147;1
6.652717515007084;5.37923727287774;1
7.434825375248293;3.555384085380513;1
6.956752559530063;7.125016242041353;1
7.791201334700757;6.680700876595084;1
-0.9760203260913853;5.705036291391408;0
-4.515652444827662;5.303097239119519;0
-0.6364521832928016;6.7025874188461465;0
5.952633883901659;3.549905587152665;1
6.924882256430163;5.961107081117277;1
5.4926225973390626;4.7387329764968795;1
-2.2595374872306633;5.632304603361293;0
8.459436194667521;3.785619563905336;1
5.021014007478707;5.858211561137222;1
7.480303283113834;3.9855004538868317;1
1.250784816872418;4.9529991478436175;0
-0.131532114473637;4.631763900749094;0
6.306449157023694;3.560435377549297;1
0.7387297827874848;4.174325555859803;0
-1.199124085945348;7.9990328544351375;0
6.053535528600364;2.796121018817022;1
0.9598235141813269;6.291443198402682;0
-1.772623941217673;7.158803655501547;0
-0.3811059182752763;6.309053524026373;0
0.04459452780101125;4.6010646854954365;0
-1.1755801041134601;6.163106097651749;0
-1.2941040324217872;5.343837703960754;0
-1.0949998491829835;6.032181751760263;0
-2.7305840446291;3.2675012889897417;0
6.158739849512557;5.797144108590804;1
0.10683146645441344;6.239368196344513;0
8.818540008787219;3.0384426896491554;1
7.462482791089623;3.349645902554163;1
-0.10018542978456191;7.073198572970743;0
-1.489299123678663;5.411362198604188;0
9.046840413220178;5.3710184349775805;1
-1.0606604368544406;2.9851714508521643;0
6.892067476618028;5.324062634193422;1
7.554165075091756;5.878449176444378;1
-1.491396748431118;4.63044023090791;0
7.495654531152818;5.793084319252391;1
6.695344822051259;5.918951450867314;1
4.348952216290712;3.439055622581206;1
-1.1983553023402576;5.29034695590122;0
7.505252935511721;6.1724300189728805;1
-1.8855784521484318;4.430706736878392;0
6.927206194549097;5.154096333678127;1
2.297298192830202;6.153727845006881;0
9.128322947535064;6.827984004318787;1
-2.500521698461612;3.568597978907645;0
6.209172639929403;6.107920626494481;1
-1.1929749930001736;4.768640943287903;0
-1.4063053044289162;3.1153738073031416;0
0.612715006859978;6.10121388727943;0
0.8897984974738575;4.949276364713806;0
-1.4449205952698905;3.75026185279254;0
1.4157793551592563;6.14890460595649;0
7.503515124899705;2.4012431034914905;1
-0.3845275245348436;5.9912073607478185;0
4.090410157907497;5.451944677381926;1
-4.046794563966778;3.889964288743955;0
0.3062997334730513;3.760907575798725;0
-3.1792041153434973;6.725920220971906;0
6.378693966337722;6.31420460985944;1
-2.7105967874644774;6.692417346443288;0
7.150540053275114;6.896128917037084;1
-2.1962876213433513;5.6146586590764125;0
0.025361340373403873;6.857139361505432;0
7.325581998379224;6.119347527294774;1
6.094527762639191;5.537553363666552;1
-3.616602925252823;3.838553666858653;0
1.1763090358829613;5.5826477131072645;0
-2.4015530357113857;3.202990444692001;0
-0.2959594942620707;4.331446437996263;0
6.386004324877537;5.416443619826491;1
-1.0740261719661235;6.339139244709759;0
-0.4642708329057279;2.356762851461713;0
-1.014048449887853;5.877383993087937;0
1.066024220772158;4.684831164969608;0
0.30699622676594607;4.605112482418846;0
6.697080687762989;6.0449736009119786;1
2.177724643400815;4.445248004887763;0
6.158527428398719;4.7820120648846105;1
6.351925006338668;3.656169843927158;1
7.2258244723806;2.8776002177722555;1
7.022070720836226;3.258903798090495;1
5.334682511896757;4.804418848121581;1
8.6647962152773;6.072391046515435;1
6.39497308756846;5.14048560636895;1
7.823207319201776;6.826606987494278;1
8.540704122261802;3.2261569567986528;1
-1.4540918227204556;5.014856593294988;0
3.5138579771743346;5.258935481026058;1
8.625653351715023;4.726943312694882;1
-3.0365387560581016;3.4838024535285856;0
-2.8382208323537226;4.896499939159013;0
-1.6525191112501272;2.320474200023103;0
7.3830691220774245;7.312580323684324;1
5.239777282185333;3.012782803932032;1
7.648488653023919;1.4631803585369965;1
6.7786169985269815;4.649422462159006;1
7.750614834540196;5.960988047755512;1
7.786295661178729;4.850517786327327;1
4.695946091428626;4.181690938276327;1
-2.949922578878263;6.2668898857627955;0
4.017774433572934;3.565489678792358;1
-2.3530742302703858;3.533602139615533;0
-0.8959392111620815;4.507536899866669;0
6.401725722405917;5.8923622387587145;1
-1.0009183604707872;3.8073876678659033;0
-1.7332070984980237;2.774999282833443;0
-0.1382002623452505;5.651182907798132;0
-1.8917669252646414;5.0575997345912675;0
7.0281208883035955;3.420532297083465;1
-0.34826238953903277;7.427670723707787;0
-1.0070793919732537;4.6190645883063794;0
-1.5584946400046205;4.9818545900115865;0
0.38209714589976107;2.861085924653633;0
-1.5811249366265527;4.2748741733391435;0
7.704129670204939;3.626911573181463;1
-0.4903637212404832;3.4706616357691566;0
6.237966260600871;7.289912285789944;1
5.6341896628260795;4.227495263577679;1
-1.5772405855642952;5.486083225373443;0
1.6129215100027827;6.798948349533446;0
11.482591842302924;7.246493336314236;1
8.482560079082123;4.650541928607215;1
8.892598968465553;1.198046980416681;1
-1.1495907372527843;2.337476640059562;0
9.19785672195748;5.295006206638574;1
8.753987688220711;5.321011139035871;1
-2.348023095497415;5.536670792958815;0
5.975381705177725;3.8341942375577487;1
6.874997027620945;5.549466028025601;1
-0.35852903870419983;6.246864369824607;0
-2.1775251676877723;5.086735348021483;0
6.132373050497263;5.2790002325102865;1
5.699614351187645;2.59065117150245;1
-2.3490546165204824;2.886466923351453;0
3.661269564717287;6.00790897378619;1
9.602895109981;5.908636220576216;1
-0.8002702398396475;5.017213941544568;0
9.258062669468968;4.502774164833651;1
6.90947979130978;3.196486747579538;1
1.3230640678330086;5.015693280313271;0
0.364298020221858;6.87276297931848;0
9.57562882893743;4.2965946562441655;1
7.0864537705576645;5.587501084101471;1
11.967209671505321;2.587949159879285;1
7.083420548260174;2.82915717466947;1
0.0007353852024947205;3.005812580832621;0
-0.4171254810519057;6.128952562749672;0
-3.1301026347066983;4.2224840910985595;0
5.174087967252928;5.701829895620773;1
-0.3957784746653944;3.404984848155704;0
0.9270052162041875;4.712788244664937;0
-1.0502439428440478;5.077514433199174;0
10.389835619947345;4.30790260714485;1
8.362936559686382;4.131941233955829;1
-1.705389088770866;6.365497906952941;0
8.303375507522121;4.536888572033825;1
-0.46154472501008637;0.7107260275554532;0
-1.5498083148034265;6.169670566288227;0
1.3377057063459192;5.139917359734775;0
-0.9143488318652223;3.9482830960215383;0
8.002638749230758;7.1580142039968315;1
10.606459242136564;6.759847975023495;1
8.738074647975893;8.34419067951411;1
6.180534489564857;5.312345458729317;1
-2.284622971386958;3.6132929806958796;0
8.835933646819822;5.507182204612652;1
8.102446959139954;5.547846066944665;1
7.260175230186706;6.220002314594141;1
-2.476289969590124;5.993976945241055;0
8.911783995707179;6.846634019127268;1
-2.3215573463008763;5.316678880726686;0
6.537327247515657;6.2402436992315895;1
6.320770952515771;6.428050491180828;1
-0.6024058739510051;6.112207668600021;0
-1.6124723755814352;3.447497439813145;0
8.64854966416064;3.642181651451965;1
7.070342340090303;6.60313238710974;1
4.740817599791692;6.316973660117323;1
-2.5439105009621814;5.393546703247711;0
0.22097262399397777;4.267914433082094;0
-3.821092434770908;3.399874468928099;0
-1.6759473038061659;4.559757292336651;0
-0.7928165124671773;7.421564490078062;0
6.438422696845748;4.832080007465725;1
6.122865163171136;4.393716223778035;1
5.885313210509487;2.7994797749075118;1
-2.0347997838260117;6.40377433524383;0
6.232556433903013;5.306668625681946;1
0.3948041667747533;4.51098895151677;0
8.589352028757082;5.382020697887372;1
7.4564466006601;6.759658950718541;1
4.391809245950732;6.422554116256283;1
7.017815339294981;3.634088702075289;1
8.591361250982686;4.094856498650702;1
7.184868039802709;3.920848742122305;1
2.0467788256177535;5.986504652041704;0
4.496910013686017;3.9256460807040034;1
7.466151753302997;5.342827769365506;1
-2.8505248268142993;4.7856168921807685;0
10.508837537662023;4.92052315227632;1
-2.9746050457944198;6.969160761972952;0
7.581569772411327;5.605216206532488;1
-2.785054900883197;1.891379463263764;0
7.025722327055522;8.203314022737889;1
8.881458962417236;4.3862455261012245;1
6.829997232205515;3.0078208346268167;1
0.7371839108464728;6.15284404365651;0
-2.174457987297628;2.9226511456492577;0
-1.371142474741714;5.759439931651319;0
8.753049410204595;3.6412167819580157;1
5.763005486512085;4.680307666558602;1
-1.6987674164168283;5.445355165197056;0
9.822352687330058;2.6121935322006937;1
5.417154928940167;3.8205911465629265;1
-2.277533145273166;1.7718321651330071;0
-2.8448168809397836;2.920533991280451;0
6.1273213586738695;4.829246563914744;1
-1.851757031003171;4.554250904555943;0
7.067999370127677;5.604705785902059;1
-3.108804256998992;4.40038948796136;0
7.482795776115443;4.362964851925133;1
-3.861970059085211;4.460169807514695;0
7.590499746498514;2.366285193860141;1
10.58885516208985;5.954960665746532;1
5.685752890136715;7.679477987048593;1
9.953955661034083;5.113304436581136;1
-1.13312727068458;5.710646500544489;0
-0.9513183288097166;4.813126544575342;0
10.517335598597244;3.13961064644543;1
6.158795847881958;5.5335561059137355;1
-1.435287300245653;4.582830177829928;0
0.21586496847347592;5.4531027257844675;0
0.18603454401976904;6.652323125587634;0
5.969793272902953;7.009908560781354;1
7.37511837496173;4.652621021077181;1
7.666677547393385;6.932148497066121;1
5.258517502359836;4.186027376280082;1
0.3729226641183734;4.630958998352174;0
7.287916371902667;5.736548940980979;1
6.544304614532706;4.325179915927685;1
8.260783287392872;4.457764975104603;1
-1.0748748173964202;5.656208592872163;0
-1.8974390864313664;6.382962892522597;0
9.103577253804518;3.5245400291102333;1
7.925084595656744;4.354711864145002;1
-3.124384238020101;7.292560516110575;0
6.285078276135471;8.277426126187965;1
7.249126508073905;2.5100075127843295;1
-0.8292793662865146;4.2717909459650265;0
5.332169599664872;5.667960339313243;1
0.215486904635517;6.854303793581533;0
6.048267611973753;4.9469272995067595;1
5.02022761606836;5.252076405067733;1
-0.1866693797977902;4.313851096163671;0
-0.41266848085699825;7.3579611783266134;0
0.35301354267501983;4.580240430586862;0
1.8624562654640875;5.952742141200984;0
0.9720628709941193;3.691441520049309;0
-2.3539127035407175;7.478463490669164;0
-2.91503607726603;6.611013123603687;0
-2.5844049817243024;7.57959623367899;0
7.841649477303948;3.1203126172647466;1
0.19291414865120315;5.36522786085345;0
0.4671319962642033;6.477607371948343;0
-2.0061381545183448;4.001343190719094;0
5.031784814198252;6.570742093148935;1
8.674774181707406;4.996566576927327;1
3.0483663241920764;4.926398474054693;1
2.468723015884414;3.5968656128839815;0
4.88169369382232;5.198497745575013;1
-1.8098547880981832;4.219930010392472;0
-0.5048213122790609;6.642731104802286;0
-2.3858720142310874;4.726131360516026;0
9.217743776840594;3.7654239997531347;1
-2.035339234234254;3.8831776617572693;0
6.285832661638619;5.411826587067355;1
8.101402021696764;5.493908301338207;1
8.206435433943248;4.077656722877981;1
-4.1195280826844485;4.601124342075986;0
4.944642845331543;4.397148947571919;1
-1.053300390310561;6.959087580760313;0
4.541572437938621;3.9148702898973045;1
-1.1637294786821493;5.83575244663858;0
9.095601625612963;4.384092535855023;1
-2.5397116958548964;6.883903085361615;0
0.019061269423815475;5.731203424868498;0
-0.13854149554906847;4.86202893925974;0
7.086879556803444;3.8159979392549794;1
6.965659886514093;5.610986223055791;1
7.274974798882045;3.9037506533472786;1
-5.678197916782994;5.486763393897093;0
7.356760849639259;6.494954673495172;1
1.3751065075885687;5.886536169239149;0
6.142031093137487;3.9550566421239566;1
7.873756862554767;5.9039616562404476;1
6.144471719126616;5.400194802962016;1
9.953627158807844;6.005848013970984;1
6.754507725124941;5.463554601080037;1
1.0194209522157793;7.273874287218447;0
-2.7446249551232196;1.4336624724698885;0
7.719531096553289;5.999304009463392;1
10.38255543762157;3.4439030003964057;1
0.8389841743349717;4.014369288379983;0
7.785990012827009;6.324906860917672;1
-0.13014382960604665;5.982070572842417;0
-2.9583680856288286;5.953044767990197;0
6.958677262295208;5.211650397544433;1
0.21827638352287204;8.233698269876314;0
6.411107687663953;7.139864057892439;1
5.725794806473047;5.352111991848965;1
-3.608523454707595;5.090782282449705;0
-1.935513528684585;5.970026828543804;0
9.148109627926114;3.31962403762045;1
5.885558504570671;4.908680875176273;1
8.276034187110765;2.715956690334482;1
7.5929886383256395;3.800693455190495;1
6.087527337890059;7.77725590863483;1
0.9896613565264265;7.030832269742625;0
-0.8655936815646359;4.297691648883994;0
9.122726866848138;5.475715219282795;1
1.9229357010739587;5.925545628051228;0
7.335693450797432;4.95978456197682;1
6.0084900720520755;4.170675648379088;1
9.879736681190959;3.7107855166714234;1
7.188127638069674;6.093505634950964;1
1.5244053157086697;3.090279447887229;0
7.051242143532809;6.702057630946452;1
0.33651796300735426;5.959056732489115;0
0.5861147515806686;3.8371201698820103;0
6.199143883359817;4.1111051024768;1
0.005584113103738408;6.4673676174113774;0
-0.8641882154140267;7.904093689201908;0
8.584444004828729;5.817914643941565;1
-3.3032856698226136;5.362276481791564;0
-1.4846101085794372;4.9847125150551035;0
1.7916561133622388;4.183998046291265;0
-1.2517544689835751;3.3754141437151364;0
5.287025396208991;4.496054962581895;1
-0.2337496401604886;6.411066209834268;0
8.270293137460424;6.926527278283427;1
-2.6781548946149534;4.799108919160298;0
-2.209828307357363;5.274800804399349;0
8.844922843964174;4.020660851618262;1
-2.00275663506133;8.639185659413346;0
-1.5812728057478591;4.853019834342395;0
7.302170973027771;3.8242920703713743;1
8.347367623870124;6.885594563251153;1
0.3179522420237362;5.1406189149251365;0
8.090136950402732;5.0625306244938795;1
11.124650564471425;5.1860377111162235;1
6.621834055670211;4.099626645340347;1
8.482066977728033;4.580473542276947;1
8.620476089080844;5.076045589254466;1
-2.118836861778303;6.260032932823823;0
7.464464409420008;5.369069574471204;1
-2.610317457567673;3.9481593054997104;0
1.3337882985072316;4.029200221619623;0
0.3529520276513476;7.167097012293606;0
0.1832855156179014;6.068676139768881;0
7.771177559627103;5.010096317764475;1
-0.6402108185170476;4.990480316215699;0
5.550777396620125;5.917149394871552;1
-1.4014934918890716;3.8312690017322693;0
-2.1337618150186883;6.661312358245729;0
5.4322133004134745;4.330289607649308;1
6.826778879414801;4.363181606671489;1
-1.7272397585232802;4.67728624133388;0
5.909469915512507;6.263151706474401;1
-1.8761523283157273;4.68215629620544;0
0.1083021739729979;6.432580265753127;0
-2.015117702976455;5.70948362320329;0
0.9257415537008753;6.934779490016945;0
7.877609051236819;5.957888231181214;1
7.826064400345465;4.321519889020708;1
9.630190984925752;5.4978794973617555;1
5.7165193538240535;6.414033979014352;1
6.627922551144672;2.555938704088808;1
0.12794002715015496;6.167166379277765;0
8.319483325056037;6.89315177864754;1
-2.701885097754663;2.5922299873886416;0
7.054390643018863;4.828121391541665;1
-1.5369025498581665;8.012422585593537;0
-1.8900951197814964;4.286953878654324;0
7.575208900906527;3.4634511835771113;1
7.1520460861968544;4.46053357076015;1
-2.4828609589547863;5.248444071483823;0
-1.6920339181478936;6.756766684872599;0
-0.2705974211362874;6.672047243950562;0
0.7164095434029485;5.763055979958663;0
9.049805217223637;5.295896479760134;1
0.03174564197174534;5.4415271503969125;0
5.433560335828414;4.74711557999758;1
7.859913853899949;5.946437274541529;1
-0.07001052075965242;6.18526434660695;0
0.20533293282706744;6.929751937097784;0
8.575847424334242;3.252351508650433;1
0.6114108892902572;4.430499354993842;0
-4.277915099967068;4.326884760243299;0
-1.1080364046780649;4.031092553262118;0
1.2767477927426634;4.552606505219531;0
-0.8829692935297219;5.388875109501473;0
0.030783283315623966;5.481774477591241;0
6.818540115849006;3.245891916570823;1
-0.36383027331401685;4.723643328852211;0
7.699350783735255;4.649105929331004;1
-0.6871578882484717;6.545785797923454;0
6.209991738470189;4.240164136945574;1
7.315033193313464;5.841696206894172;1
-2.196687558667997;3.937635620557131;0
8.150723010504008;3.227152528590431;1
3.6376091760617237;6.800655483115384;1
7.228761435722682;4.89140222946286;1
5.372921025060597;4.508570827758647;1
1.0658853041071508;4.514235819131918;0
0.1712520825064856;3.0834645120065605;0
-2.0818160819259415;3.7623837418648596;0
-3.312142568880501;6.221904904192421;0
0.8786188007766054;4.509295221502274;0
6.3899213957617125;2.733136335173409;1
0.4465638789748716;3.569377459537703;0
4.901902616471808;5.112739081432541;1
8.9834700452999;4.882109135231409;1
8.64836519973805;5.893437012772308;1
8.684828199224464;8.162011955770929;1
6.924549995630421;5.478598568297363;1
-2.1939815056010183;6.388366522073835;0
9.236222082336198;6.7717942005101985;1
0.8898452027906996;4.983871582709865;0
-0.12154922044243932;5.586902889181919;0
-3.0301945709689457;6.0836374707853285;0
5.3705336624865865;4.461926570771643;1
-2.941985369813657;5.317138529010383;0
8.39138197630356;4.6768171084472;1
4.148081117392539;7.451977830319134;1
5.755276926069385;6.2625929692639986;1
8.93899038154969;2.815093069192265;1
7.133093536882353;4.0184725742375775;1
7.552845804480355;7.4933411305067725;1
5.781477598733668;4.28413301697384;1
6.61301237125469;3.8343489751671194;1
1.9884159381445472;5.198455535084525;0
7.750863764247391;5.5854742322022854;1
-3.743264122094084;5.628393203012956;0
5.613291553765103;4.27618162565717;1
6.418454368992126;3.981893222625657;1
6.127206421332729;3.3081065160079124;1
-0.05969592995456807;4.768796037727229;0
-1.3148476523182715;4.390778008067555;0
7.700820349960125;3.298279414484065;1
0.14695974594224492;6.9283520159537835;0
-1.110289411228944;6.139398188306807;0
6.7653391608815925;2.842771758675375;1
6.6770576016756955;5.282895296417841;1
8.115293267497096;5.76569853121455;1
-1.949196244443935;4.107406228914893;0
0.5692547889933606;3.4498160452246642;0
-0.7784179518219184;5.596285519686214;0
-0.2891080007314274;7.079544899277538;0
8.13895433534116;5.554213296073209;1
-0.7246277067857855;5.308006467873455;0
